-- Тип препарата
INSERT INTO TypeOfDrug VALUES
(1, 'лекарство'),
(2, 'перевязочные материалы'),
(3, 'витамины'),
(4, 'антисептики'),
(5, 'антибиотики'),
(6, 'обезболивающие'),
(7, 'противоаллергические'),
(8, 'гормональные препараты'),
(9, 'иммуномодуляторы'),
(10, 'противовирусные');

-- Форма препарата
INSERT INTO FormType VALUES
(1, 'таблетки'),
(2, 'капсулы'),
(3, 'мазь'),
(4, 'спрей'),
(5, 'ампулы'),
(6, 'гель'),
(7, 'раствор'),
(8, 'капли'),
(9, 'порошок'),
(10, 'сироп');

-- Тип упаковки
INSERT INTO PackageType VALUES
(1, 'коробка'),
(2, 'блистер'),
(3, 'бутылка'),
(4, 'тюбик'),
(5, 'флакон'),
(6, 'пакет'),
(7, 'ампула'),
(8, 'банка'),
(9, 'контейнер'),
(10, 'шприц');

-- Страны
INSERT INTO Country VALUES
(1, 'Казахстан'),
(2, 'Россия'),
(3, 'Германия'),
(4, 'Франция'),
(5, 'Италия'),
(6, 'Индия'),
(7, 'Китай'),
(8, 'США'),
(9, 'Швейцария'),
(10, 'Япония');

-- Врачи
INSERT INTO Doctor VALUES
(1, 'Иванов Сергей Петрович', 'Городская больница №1'),
(2, 'Петрова Марина Алексеевна', 'Поликлиника №2'),
(3, 'Сидоров Николай Иванович', 'Областная клиника'),
(4, 'Асанова Айжан Ермековна', 'Центр семейной медицины'),
(5, 'Тлеулин Ерлан Кайратович', 'Республиканская больница'),
(6, 'Мартынов Денис Юрьевич', 'Частная клиника "Медлайн"'),
(7, 'Громова Елена Олеговна', 'Поликлиника №3'),
(8, 'Шевченко Антон Викторович', 'Медицинский центр "Здоровье"'),
(9, 'Ким Дария Андреевна', 'Детская больница'),
(10, 'Ахметова Алия Нурлановна', 'Клиника "Айболит"');

-- Сотрудники аптеки
INSERT INTO Employee VALUES
(1, 'Кузнецова Анна Викторовна'),
(2, 'Смирнов Павел Андреевич'),
(3, 'Ли Марина Сергеевна'),
(4, 'Жумабаев Алихан Рустемович'),
(5, 'Попова Оксана Валерьевна'),
(6, 'Егоров Дмитрий Николаевич'),
(7, 'Ильина Наталья Сергеевна'),
(8, 'Токтаров Аскар Ержанович'),
(9, 'Волков Андрей Игоревич'),
(10, 'Чернова Виктория Павловна');

-- Препараты
INSERT INTO Drug VALUES
(1, 'Парацетамол', 1, 1, 'в свободной продаже'),
(2, 'Амоксициллин', 5, 2, 'рецепт'),
(3, 'Цетиризин', 7, 1, 'в свободной продаже'),
(4, 'Аскорбиновая кислота', 3, 2, 'в свободной продаже'),
(5, 'Ибупрофен', 6, 1, 'в свободной продаже'),
(6, 'Мирамистин', 4, 4, 'в свободной продаже'),
(7, 'Дексаметазон', 8, 5, 'рецепт'),
(8, 'Интерферон', 9, 7, 'рецепт'),
(9, 'Арбидол', 10, 2, 'в свободной продаже'),
(10, 'Хлоргексидин', 4, 7, 'в свободной продаже');

-- Партии (Batch) – дочерняя таблица
INSERT INTO Batch VALUES
(1001, 1, '2025-09-01', 1, '2025-03-01', '2027-03-01', 2, 500, 120.50, 500, 111111),
(1002, 2, '2025-09-10', 3, '2025-02-10', '2027-02-10', 3, 300, 340.00, 250, 111112),
(1003, 3, '2025-09-15', 2, '2025-01-01', '2026-12-31', 1, 200, 210.00, 100, 111113),
(1004, 4, '2025-09-20', 4, '2025-03-10', '2027-03-10', 3, 600, 75.00, 1000, 111114),
(1005, 5, '2025-09-25', 1, '2025-04-01', '2026-04-01', 2, 700, 180.00, 400, 111115),
(1006, 6, '2025-09-30', 5, '2025-05-01', '2027-05-01', 4, 400, 320.00, 150, 111116),
(1007, 7, '2025-10-01', 6, '2025-04-15', '2026-04-15', 5, 150, 450.00, 20, 111117),
(1008, 8, '2025-10-02', 7, '2025-05-10', '2027-05-10', 5, 180, 390.00, 30, 111118),
(1009, 9, '2025-10-03', 8, '2025-03-01', '2027-03-01', 2, 250, 250.00, 60, 111119),
(1010, 10, '2025-10-04', 9, '2025-01-20', '2026-01-20', 7, 350, 95.00, 500, 111120),
(1011, 1, '2025-10-05', 10, '2025-02-01', '2027-02-01', 1, 200, 130.00, 500, 111121),
(1012, 5, '2025-10-06', 3, '2025-03-01', '2026-03-01', 3, 300, 175.00, 200, 111122),
(1013, 9, '2025-10-07', 1, '2025-05-15', '2027-05-15', 2, 500, 240.00, 100, 111123),
(1014, 2, '2025-10-08', 2, '2025-06-01', '2027-06-01', 2, 250, 345.00, 150, 111124),
(1015, 3, '2025-10-09', 1, '2025-07-01', '2027-07-01', 3, 150, 205.00, 100, 111125),
(1016, 4, '2025-10-10', 8, '2025-02-01', '2026-12-01', 3, 400, 80.00, 200, 111126),
(1017, 7, '2025-10-11', 9, '2025-01-01', '2026-12-01', 5, 100, 460.00, 15, 111127),
(1018, 6, '2025-10-12', 5, '2025-01-15', '2027-01-15', 4, 200, 310.00, 100, 111128),
(1019, 10, '2025-10-13', 3, '2025-02-10', '2026-02-10', 5, 150, 100.00, 400, 111129),
(1020, 8, '2025-10-14', 1, '2025-03-10', '2027-03-10', 5, 180, 380.00, 25, 111130);

-- Продажи (Sale)
INSERT INTO Sale (sale_date, employee_id, drug_id, quantity, total_amount) VALUES
('2025-10-01', 1, 1, 5, 602.50),
('2025-10-01', 2, 3, 3, 630.00),
('2025-10-02', 3, 5, 2, 360.00),
('2025-10-02', 4, 6, 1, 320.00),
('2025-10-03', 5, 9, 2, 500.00),
('2025-10-04', 6, 4, 10, 750.00),
('2025-10-04', 7, 2, 1, 340.00),
('2025-10-05', 8, 10, 6, 570.00),
('2025-10-06', 9, 8, 2, 780.00),
('2025-10-07', 10, 7, 1, 450.00),
('2025-10-08', 1, 3, 4, 840.00),
('2025-10-09', 2, 5, 2, 360.00),
('2025-10-10', 3, 1, 5, 650.00),
('2025-10-11', 4, 9, 3, 720.00),
('2025-10-12', 5, 4, 5, 375.00),
('2025-10-13', 6, 2, 2, 690.00),
('2025-10-14', 7, 6, 1, 320.00),
('2025-10-15', 8, 8, 2, 780.00),
('2025-10-16', 9, 10, 4, 380.00),
('2025-10-17', 10, 7, 1, 450.00);

-- Рецепты (Prescription)
INSERT INTO Prescription (prescription_date, doctor_id, patient_name, drug_id, quantity, package_id) VALUES
('2025-10-01', 1, 'Абдрахманов Даурен', 2, 1, 2),
('2025-10-01', 2, 'Ким Елена', 7, 1, 5),
('2025-10-02', 3, 'Петров Василий', 8, 1, 5),
('2025-10-02', 4, 'Смагулова Лейла', 5, 2, 2),
('2025-10-03', 5, 'Токтарова Жанна', 9, 2, 2),
('2025-10-03', 6, 'Семенова Дарья', 4, 1, 3),
('2025-10-04', 7, 'Махамбетов Ержан', 2, 1, 3),
('2025-10-04', 8, 'Назарова Алина', 7, 1, 5),
('2025-10-05', 9, 'Федоров Иван', 8, 1, 5),
('2025-10-05', 10, 'Серикова Айдана', 9, 2, 2),
('2025-10-06', 1, 'Ахметов Мурат', 10, 1, 7),
('2025-10-07', 2, 'Калиева Гульнара', 6, 1, 4),
('2025-10-07', 3, 'Сулейменова Алия', 3, 2, 1),
('2025-10-08', 4, 'Бекетова Диана', 4, 1, 3),
('2025-10-08', 5, 'Нурмаганбетов Арман', 5, 2, 2),
('2025-10-09', 6, 'Гаврилов Дмитрий', 8, 1, 5),
('2025-10-09', 7, 'Каратаева Жанель', 2, 1, 2),
('2025-10-10', 8, 'Омарова Мадина', 7, 1, 5),
('2025-10-11', 9, 'Сабитов Нурсултан', 10, 1, 7),
('2025-10-12', 10, 'Ким Алексей', 9, 2, 2);
